Banque,Commune,Département,Région,Type d'information,Date annonce,Date fermeture,Source,URL,Fiabilité,À vérifier,Citation
Crédit Agricole,La Capelle-lès-Boulogne,62,Hauts-de-France,fermeture,"Sat, 23 May 2026 13:08:00 GMT",,Google News,https://news.google.com/rss/articles/CBMi0AFBVV95cUxNbHFQaEJCUHZUeTF5eFNZbkZLT1ZGc0tySGhXZ3VNMkRQSkFCSElLbEU4NUs2YWVOemphcWw2cG5URzIweGJobHZZeFV5d2h1ZkRLNl9zTHY3RTd2QWRnWnZyUlJpVWhsc3pFbHdya21PenpIYnhEY0FldWJHTnhTNDRkUy1MQ3hhdTZkMGRGS0xwRklBQmNSSGpUZUUwZG5RVnF1VGtrUVlUYkI2VUFiQXdtaWtIQVM0MklCX3RYUy1NYXNmZGNTaHdqUFJmMzBq?oc=5,4,oui,fermeture de l'agence Crédit Agricole
Crédit Agricole,Châteauponsac,87,Nouvelle-Aquitaine,fermeture,"Fri, 23 Jan 2026 08:00:00 GMT",,Google News,https://news.google.com/rss/articles/CBMiiAJBVV95cUxPZXowM0xtTlVxMlUxdFNFdFJXN3MwRTk2amRlWDhOcjRzTGIwMXJxWmNycDNTTmVtNlR6dl9pb3IycjRCd0QwQ01fcVZrNUpDUHhTYWxBeFlSUXBRc19pZDZhVmJ6bUVoUC1DNk9YX1dRT3A2S3hNNmttWlhYOTFBUVhkc0c1TU93dFc4dkJVSGJlVkkzUnM5ZkJIQ2Z4VFVWdkEzazBEUjN0SEhMT2hVZUZsT2hPY0hEbnAyN0lHN0YxaG1veEIweUxpRlBTTEZEWjlBc0FrVGsyMERLVXp4bjROVDhGZHh1anItTUJXYkJ0OTRqMDlsdHozZE9ZbVdxVmt2Y2M2RmM?oc=5,3,oui,Sept fermetures d'agences du Crédit Agricole en Haute-Vienne
Crédit Mutuel,Saint-Cyr-sur-Loire,37,Centre-Val de Loire,fermeture,"Fri, 05 Jun 2026 07:00:00 GMT",,Google News,https://news.google.com/rss/articles/CBMigwJBVV95cUxOZ2pQekt4RW5WUERhT1RRdG1uamFIVVdsQTZhOXFhTHQ2ZW1va2tGU1U0YVB1ZWpaQ2N5SG83T0dZOGZBMlNFTGRvZzhjd0dJZ1Vkc0w4NTM1WFRkcWhHcVJObnV0N0FKQW5jTEtfV2w1ZUs1ZERCM3VZYUlqRjFUU1MybjRPSXJjOW5WODJDRjRiSVhnbHZUM00xMFg3MW9ZNTlqNFg0R0JkTFIzMVExMC1YNWxqajVfZUtqdkdxWHN5TkpWQkdNWFdRb1RSdFdtdXprcHlBdnd1X2dZTlF4aDVZQU5fWmN6dmZ2N1lvNnlmeHpHcjVXTmNVWGNSUEtDdUNJ?oc=5,3,oui,L'agence du Crédit mutuel va fermer ses portes définitivement à Saint-Cyr-sur-Loire
Banque populaire du Sud,Perpignan,66,Occitanie,fusion,"Tue, 24 Mar 2026 07:00:00 GMT",,Google News,https://news.google.com/rss/articles/CBMipAJBVV95cUxPX2t5TlhuWTJDZDZDOVJfY3BLQnpNRklodFJuelZBbEJudWVnNlZLQ0thZHlBbFZuazlIeHpTbmlLTE9vX3l6NE1fZ0ZiRXYwd1o4LUFJOGNsS2hhYTZERWNLeVR5ZGh6TkdZanpmVUNjZ29BRFVYM2d5eGdkdFJER1ZXdnQtd2ZyN1RrU1Q2dlFuQmZBeEh5RklHbl9EQUpIcnNNbHRnRVVzbHN3SnJhNFYyYW9zY1cyRnNLNEZqZHRUQ1JEdlIxWFJ3eFdackFBZXZHM0FLTjVVSUo4TWlqSi0xczBfNEVSZy1xVmVKcWEzMEpTZ1hyLXE3YndPaHhmWktTaXlneGNRM0RaRUtfVlIzcW45T1VFMWhWQmNiTHZuNm5T?oc=5,3,oui,la Banque populaire du Sud quitte le centre-ville de Perpignan et regroupe 400 salariés sur un site rénové
Crédit Agricole,La Capelle,02,Hauts-de-France,fermeture,"Mon, 08 Jun 2026 07:00:00 GMT",,Google News,https://news.google.com/rss/articles/CBMimwJBVV95cUxOSFF5TUZ2RXFlWnNfY0o5bUpoWHVEc0F2S2lxMkVwazlDbllWME4ybE9HVGRHVWhGVmJLaFRNcVBmS2F3cmN6bVpOSWhpaS1wNkd2bFJVUHhaZC1QZzY4UV9OSk56eFB5VU16QzZDUFhCQnY2Um9QNXIwSi1wSllqWU13UkdyVE1vdGNZNEFNRlZkb1JHZ0F2UTBycmlOREhndlNNY2JWZmRuNlpvUXZjLTZJbVljWUlfbUJvVXZEVVVUa21SbnZqV0RyTjBEbkx5N2dOcWNaVnIzeUxOb3phem9peVpia0JlYXg0RlpHMWE1YVBXMjVBbmFFMkQ4WlEyaUVaWUhzVlc2b3l3RkVBdW1uZnhOVjdxMVJ3?oc=5,3,oui,Fermeture du Crédit Agricole à La Capelle
Société Générale,Hérouville-Saint-Clair,14,Normandie,fermeture,,2026-06-23,SG (localisateur officiel),https://agences.sg.fr/,5,non,"À compter du 2026-06-23, l'agence SG de Hérouville-Saint-Clair (320 quartier du Val, 14200 Hérouville-Saint-Clair) transfère ses activités vers Caen Côte de Nacre. [TRANSFERT_TOTAL — localisateur officiel SG]"
Société Générale,Piégut-Pluviers,24,Nouvelle-Aquitaine,fermeture,,2026-07-07,SG (localisateur officiel),https://agences.sg.fr/,5,non,"À compter du 2026-07-07, l'agence SG de Piégut-Pluviers (11 rue des Alliés, 24360 Piégut-Pluviers) transfère ses activités vers Nontron. [TRANSFERT_TOTAL — localisateur officiel SG]"
Société Générale,Strasbourg,67,Grand Est,fermeture,,2026-07-07,SG (localisateur officiel),https://agences.sg.fr/,5,non,"À compter du 2026-07-07, l'agence SG de Strasbourg (267 avenue de Colmar, 67100 Strasbourg) transfère ses activités vers Strasbourg Esplanade. [TRANSFERT_TOTAL — localisateur officiel SG]"
Société Générale,Origny-Sainte-Benoite,02,Hauts-de-France,fermeture,,2026-07-09,SG (localisateur officiel),https://agences.sg.fr/,5,non,"À compter du 2026-07-09, l'agence SG de Origny-Sainte-Benoite (89 rue Pasteur, 02390 Origny-Sainte-Benoite) transfère ses activités vers Saint-Quentin Centre. [TRANSFERT_TOTAL — localisateur officiel SG]"
Société Générale,Bernin,38,Auvergne-Rhône-Alpes,fermeture,,2026-07-16,SG (localisateur officiel),https://agences.sg.fr/,5,non,"À compter du 2026-07-16, l'agence SG de Bernin (ZAC Les Michellières, 38190 Bernin) transfère ses activités vers Saint-Ismier. [TRANSFERT_TOTAL — localisateur officiel SG]"
Société Générale,Paris 19e (Botzaris),75,Île-de-France,fermeture,,2026-07-21,SG (localisateur officiel),https://agences.sg.fr/,5,non,"À compter du 2026-07-21, l'agence SG de Paris 19e (Botzaris) (1 rue de Mouzaïa, 75019 Paris) transfère ses activités vers Paris Manin / Paris Jourdain. [TRANSFERT_TOTAL — localisateur officiel SG]"
Crédit Agricole,Roanne,42,Auvergne-Rhône-Alpes,fermeture,"Thu, 17 Jul 2025 07:00:00 GMT",,Google News,https://news.google.com/rss/articles/CBMinAFBVV95cUxPUmc3YjU2SERyX3c5LXZQWThpTjJZdjNmZGU2bmdIVEVGZUM0aEUxZUZNdWlEZDVtRUNGWG9fNUVFQ3pqc3RBWWhrSXlRMWZzMWVRaVJSWHVqRHZsOVJuRWNiTXFOYmxBLVctSDNNYWR5R0xyalppY2ZEa0REQXJLNTZaNUNlTEZOZFJ4eW5rMU1FWTFMdE01eHVrRWY?oc=5,3,oui,Fermeture d'agences en Roannais : le Crédit Agricole s'explique
Caisse d'Épargne,Quimper,29,Bretagne,fermeture,"Thu, 05 Jun 2025 07:00:00 GMT",,Google News,https://news.google.com/rss/articles/CBMi-gFBVV95cUxQU3BhN0hkbXowR0tpVW40SlZDd0w4X09CTzRMSnBzZDJQRXpVYWdXOXU3VTdWbVRaRDQ0X29JNHZCLXNlbUJhX2o3aThGa2tlRVBQc2E0bndkOHktZjUza0VNdFdpNDhabWh6UU0yQmtkdGhTMGFjQndoOGdybnh2TG9ZQi0wSGRxb1Y5OThDU0lLNmEyS1BfY0dXUGRkSzVUb0JrUlR0azRid05nYjQtWG9MN2FmN3pqRG5ld0gyQTdJM0p3WkNJUDN1MmU2aFh3Q01IWXk4aDd5dU9UMi1zVGRCZmFocmxrUkh0UWhKQVRlc2J2RllQeThB?oc=5,4,oui,La Caisse d'Épargne ferme son agence après les tirs dans le quartier de Kermoysan à Quimper
Crédit Agricole,Les Grandes-Ventes,76,Normandie,fermeture,"Thu, 16 Oct 2025 07:00:00 GMT",,Google News,https://news.google.com/rss/articles/CBMi_gFBVV95cUxNTTFzRnpmN2wzRmxqOTRsZlAtTUt4UzZnbDlEeGZzX1N6bzdGanVGd1RtWG90X2NtdWFmN0lnV1lTVXdGeURscjZES29meUMtZkFsckRuakhjUE1VQXR0eFhkOXZDcllIcnVHenVMbWVuTkhvNGt2cU1Ed2puaFVyN2V5aVFwTWd2TG1kN2FxWlhQRFdIZ2k4dkExOWlwX2VMOTF4M0kzaEVvNHlYSkxBSVd4T2R4Z1ZIR1VsLWVQaXFBVGRkZWVLM2hyaDdBUVFnaTcwTkpqcGYzYUJJRlJjSTVlZms1ci1xTHhmdEJXdVVmcEhNQVpqeTNjVGJUQQ?oc=5,4,oui,"Fermeture du Crédit Agricole aux Grandes-Ventes, la municipalité agit pour ne pas perdre son distributeur"
Crédit Agricole,Criel-sur-Mer,76,Normandie,fermeture,"Mon, 17 Mar 2025 07:00:00 GMT",,Google News,https://news.google.com/rss/articles/CBMivgFBVV95cUxQN1cwUjNHNkh6dmUzZ2RLYTRhemRrWnZ4Yk4wdEhwRTlKRlJnNlFyTlJrc19JNlVYaW9GczF3emp0QTJmM09CWjc4XzlPdUFCTC1kME5oTFhOaTZZT25hc0RlQnBsSUoxMy1Xd1hjc2x2cHFpWTg5ay1wZE1fU2hVc1hFdFhQaG92QUF3cWRMUUNXVTRxZjZYdWNPdGdQR1dEY25NRHZxWHFReXF2R2duMU83V2JCaW5KZFo4WXZB?oc=5,4,oui,Criel-sur-Mer : L'agence du Crédit Agricole va fermer ses portes
Crédit Agricole,Fenain,59,Hauts-de-France,fermeture,"Fri, 14 Mar 2025 07:00:00 GMT",,Google News,https://news.google.com/rss/articles/CBMiygFBVV95cUxNZlhpVl9PZzNMN3JUNFRvaDF2V0FaN1h4WHh4enRPMENXZ0NCZVp1TTJQS0E4SERiNkI4RTdMXzVWdHdXbURXMFNzUGx0SzM2UXhSUE9WR0FqQUpBeFltN0pfYjh2UWZucU9SbW1jRjBtdFA1OVlPU1NFYzdIVV9acWRkY29BYk5WZGZCb0VmMmpRTUM1MDVrYWVrZjdWdXRzY09zSmF1cE42ZXFNY2tSNkpuUXpOakxwdHhFSi1VeHlkUTYzdGVQYzJ3?oc=5,4,oui,"Fenain : l’agence du Crédit agricole ferme ses portes, le distributeur devrait rester"
Crédit Agricole,Saint-Georges-du-Vièvre,27,Normandie,fermeture,"Fri, 14 Feb 2025 08:00:00 GMT",,Google News,https://news.google.com/rss/articles/CBMi2wFBVV95cUxOZkZfbHJUT3E3M0Z6VnQtYUFYdW5jUENsdHBhTXI3UHpMQ3FQR0N2c2dESE1xRlZkaTQ1LUkyR2xBUzd0eUI2UDRtZ2hpemVrUExvb01EZ2YzbzJfckN1YTNENjNRVUtzbjdVM2M4dVBjYkRBS0ZyUUwzOVZZNVZDYzB4Z3ZZemVRaU5SaV92SGdnenVHdWhybWdhUjBTY2JUOGc0cXRzYXgtM3NZUGVwMGlhQmFFcW5BNGNZYXMxdFRBbU52RGlIWnppTHZMQVFsaUxyU0ZTVlJETDQ?oc=5,4,oui,"À Saint-Georges-du-Vièvre, le Crédit Agricole va fermer ses portes en juin"
Crédit Agricole,Fumay,08,Grand Est,fermeture,"Mon, 30 Jun 2025 07:00:00 GMT",,Google News,https://news.google.com/rss/articles/CBMixgFBVV95cUxOT2xiV1dTbHVoZ25la0VWOXRNbm9WLTFoUkh0NG5YWTUtWUJFdXJWWEEwQjdHYzBkZ1BRbExPd2M2UlJFckRvb2xmSGRqdzEzdWRJYzJ2aGNSRGZfXzVZbm5reW5kYmh3MGlKb2VBOUlBUFZOTWdCeDFqUlY0ZUdEUWFvNU42QlI0eVpNWU5CU2RnV2x4V0d3MmRxbW9WVl9WUmI2VU5zMUxqVWN1RkZMMnNFcGNNYjkyNk5PbGg0dEdhdlR5LVE?oc=5,4,oui,Fermeture du Crédit Agricole de Fumay : le maire va remettre la pétition à la banque le 5 juillet
BNP Paribas,La Talaudière,42,Auvergne-Rhône-Alpes,fermeture,"Sun, 05 Oct 2025 07:00:00 GMT",,Google News,https://news.google.com/rss/articles/CBMif0FVX3lxTE9HNHY5Nm84TVJ2bEdEN01fb2Q5VDBjRTlFeXRJeE9CQzYzbnB2cHhCektXVV9vOHdodS1paUNMUkY1RnFzUER3X1NZTDNSRU1odVJhZnRlbHR3R3lfS3JrR0FPUFdQY1hiMWVIN1p0OGFmRjZBVHNDdFZBWnQ0dkk?oc=5,4,oui,L'agence BNP va fermer à La Talaudière : agacement et incompréhension chez les clients
Crédit Agricole,Écueillé,36,Centre-Val de Loire,fermeture,"Fri, 03 Oct 2025 07:00:00 GMT",,Google News,https://news.google.com/rss/articles/CBMi0gFBVV95cUxOQTNISl9BekdSYV9uXzNWYktSaDEySnEtWXFSMVk0eFNQdEMwdU9iMC1uUXVLYmtHN3dXWlJDZHRLbElyTHNYWmxvVnRvb0lCMHQxdFJMMjdtc19oQ1ljR0FCaVdRQzdoQUx3NVQxVHV1YTRHeld1ODhlNHhKRVFXWEtha1kwRnRTOFE2bFp2NjJwSVNKS1FoSzdaUXd5d2lDdUdkdHllRUJSQnAzdTd3V2FjWklvOEF4Y3AyaFVKRFFSNTQ5bjFsai1EbUQ5TFVHbVE?oc=5,4,oui,"Dans l’Indre, l’agence du Crédit agricole d’Écueillé bientôt fermée"
Crédit Agricole,Chalmazel,42,Auvergne-Rhône-Alpes,fermeture,"Fri, 25 Jul 2025 07:00:00 GMT",,Google News,https://news.google.com/rss/articles/CBMi1wFBVV95cUxNd18xdmZvcUtXc25BaHZxYW5wanRnTjFBUDM1QWx5bWwtbmVReUhxQlQ3ZXZTb3VRRmduT2NWQjVpV05OOVJzd1Y0WENvdlVBRGxFYmtqLUVIbHpCdFJFQkJlV0xHTUU5QTktVXllVXhtZ0x3aTEtWEdYUFNrYU9JcjlnTGZKZ2RDMjF1SlgxcjFDVjlyaS1NaE5qSndsNFZYV3hVaGJDUzVZUnJDQ1NpTFJrZmQyZGptVHdwTzhiaFE4am9sZjREbUdXZm9CODJaTHhXeFNaOA?oc=5,3,oui,"À Chalmazel dans le Forez, la fermeture du Crédit Agricole inquiète"
Crédit Agricole,Condat-sur-Vienne,87,Nouvelle-Aquitaine,fermeture,"Sat, 04 Oct 2025 07:00:00 GMT",,Google News,https://news.google.com/rss/articles/CBMi5AFBVV95cUxNWmpxMDFuTE9Nb1Z6ZC1lSWpxcmdUOFZiamRrWkJCRUtVSGwzSVM5TlJhdV83TVYtSnAyVlBBemNCSm5oUnJDd1ZoZW9iQjRMa1FzMDNsUVpiVmRfVy1HbjNMVmpvaURSbURTVkdKb0s1MUtfZGRLTlF5Z0NQaXlVUGdaVFdSQlNxdllmQXZWSm1LQWcyeXdjTkJvQTV2WkpRc0ZmdEJSNWJjSXRqbXJLeVA1UVFVZUhrM2s5b0x0M1JwMjRsR3FERzdwa3Z5cU5Jdmdqa2IwWk9RMS1sQ19fektPSHc?oc=5,4,oui,Une quatrième agence du Crédit agricole va fermer à Condat-sur-Vienne
Crédit Agricole,Lempdes-sur-Allagnon,43,Auvergne-Rhône-Alpes,fermeture,"Fri, 07 Nov 2025 08:00:00 GMT",,Google News,https://news.google.com/rss/articles/CBMi_gFBVV95cUxPbXcyMENRWVptSnpBSVpoS19JYmdkNGhNQlFydEx3YXR1SThxN2tqZ1pRYmE0ZUd4VmlqdGlaOXhEVV9iWFB5a1p5ZDd3UEVtSkF5VlR3SU1aYzJnS3VzUktKZ0swR29MaXRNcjV2dGo5Ul83RjVORnRzbVVJeFpORjZDNGZ2NmF0eUxXWjE0SWUwOTJiTERFVVhvT2FHU1JfMVRDWEVuQlR5R09mUWdhODBhNHhDRmQ1cWlFVkw1OERmZ1p4b3pKdC1jV1J2TWRrdUtRRmJvY0k5UFNJRVU2WllKRkV6eWtZdjFRc0JJSEFyRzFoSUp2MkRwQ1JBQQ?oc=5,4,oui,la fermeture du Crédit Agricole pose déjà problème à Lempdes-sur-Allagnon
Crédit Agricole,Belmont-de-la-Loire,42,Auvergne-Rhône-Alpes,fermeture,"Wed, 12 Nov 2025 08:00:00 GMT",,Google News,https://news.google.com/rss/articles/CBMitwFBVV95cUxPa3F4NXRvNXgwYkdoTi1LVFpaQnpaVkxPc1hoZWhOZkpodXVxeHF0RHVycFNNcTdKNzJJMFB2WG85bnRjMmhCbkQ5ZVVaQ0E2Z3A4ZFljUS1GcldmdE5pZ1lKbmMzRG9hc0hmVFo1X1lWOEI3QlY3TzVOa1RITDUyYTNCMnhkQnRidmFFUjQyQ0VHNVJnaFNCWXlJRDRRLTFteHBGdEZmMlRFSERSWkxNZlVSdEJid2s?oc=5,4,oui,Fermeture du Crédit agricole à Belmont : « C'est pénible pour tout le monde »
Crédit Agricole,Saint-Germain-Laprade,43,Auvergne-Rhône-Alpes,fermeture,"Sat, 26 Jul 2025 07:00:00 GMT",,Google News,https://news.google.com/rss/articles/CBMi8wFBVV95cUxPcWdST2RqalJRVzMwNmRPQ1NDd2FYOUFwdkFEZ0lUWXl1ZW93RWxMaWNKaFBLWHFWU3QzU0ZRM0JKOERlenpYVmJxZXpGN2lMRzFVdVB4ZVM3RjdaZlFteUN0TTdkeUZEMGNEMnh2b1VWUDc1QXIwcEJCSmtxVHNUTlhCVWJnZmtVbTJrbXlrNlItejlxNC1HZ1FLaUUteUNpcDZRdUJrMDl3YjZCQWNxQmNsMUI4T2QtMnJxeTJMdEc3NnlfRzBOSkQzTTR2dk5hakRFUDBkX0xhLWVFb3ZuWlI3a3o5VDNaVEJQZm4zcGRrdlE?oc=5,3,oui,Fermeture de l'agence Crédit Agricole à Saint-Germain-Laprade : deux solutions sont envisagées
Crédit Agricole,Alençon,61,Normandie,fusion,"Wed, 01 Oct 2025 07:00:00 GMT",,Google News,https://news.google.com/rss/articles/CBMi3gFBVV95cUxNVFV5NUpuWkZ6R21JQ09YcXNRWlN2ZXB5RGo5eGdkenFKRC1KclJXbmUtUHc0dHpkRlFCaHNFa0UteVE0RGRETERZTFB5cUZXRUNCYl9fenZfTHpLenQ5RVBLX0hIYVR4ZXQ5V1dGTTdhbDdSV2FUcExoOTl0Q0QzOFh6MDFjcmN1MTRRMThnb2JKWDhDdWhLXzAxbzkyY2hRZG01QmRHeDlzTDlsZ0c2dFhuTFlqZTAxd1VRUUxDS1RTU0x4YXNwUEVzdWhrUnRtdWFNaXA5RGwxU25hZUE?oc=5,4,oui,"Deux agences du Crédit Agricole se regroupent à Alençon, celle de l'avenue Leclerc transférée"
Crédit Agricole,Lantriac,43,Auvergne-Rhône-Alpes,fermeture,"Fri, 11 Jul 2025 07:00:00 GMT",,Google News,https://news.google.com/rss/articles/CBMi5wFBVV95cUxPNmE0TFN0b2xsWWI4cFRLOGJteFVXWXYwRldhTndicVRxQzlDNDhYNW5IT2IyWG8zV2VlMElLaWR6clV5Nkt6d2c4NUlsVEI2TnV3QTF2SE9uMHdLVmJlblV3MGxfVTVIZkxNbmRYSXdVeDl6VVRWdVN6MHRoNlJ5N2NNTmtnRzQwVUlrN21yOFZnUlVCcEpTdHFmXzlyZDRveTVPSTFDZ1FDb3R3UjVyNnFHNTJINjF6VjBmX0tLWWtKSWwxZlJ2cXJBcGtCNGdMMnd5Q243ZFNpNWYzMjlVVW90VVNUdWs?oc=5,4,oui,Fermetures d'agences Crédit Agricole : la mobilisation et la grogne à Lantriac et au Mazet-Saint-Voy
Crédit Agricole,Fontaine-le-Dun,76,Normandie,fermeture,"Fri, 02 May 2025 07:00:00 GMT",,Google News,https://news.google.com/rss/articles/CBMi8AFBVV95cUxQeHJLZjZzNkt4cGhYN012OXA4YU5EY29pMmFNYXF3alpaRXhkRVhiaWgxQ2h6OGE1T18zNHpyWlFSaHBpd2xMYm5zNExDLTdHeXpWTmFBTEZFMFZKMkQ3R25xT2ZDXzQyWnJJdGpLVTU1eFBQYjdvNUc1NVFwRUx1NEdCS1NNdU9GckhJN19fdVRrZVg2SW9pTWxOX0tQZ2RHVi1mdEM5SGNDdU1VWUZNMXdTZElWbkRPMWdJQzRfV0NxZVdJNk9OaUFDdXpSNlFNQkc0dmJHMFFEV1h3Snd5eDFEb2VYeHRmX2wyUnpnLXY?oc=5,4,oui,Pourquoi La Poste et le Crédit Agricole de Fontaine-le-Dun sont contraints de fermer leurs portes
Crédit Agricole,Saint-Ferréol-d'Auroure,43,Auvergne-Rhône-Alpes,fermeture,"Tue, 15 Jul 2025 07:00:00 GMT",,Google News,https://news.google.com/rss/articles/CBMi6AFBVV95cUxQc1d1SkZNQ1R4ZFBYOG9FQldOeEZncXd3ZjJMVTNYUUhfUG44WENxc1RxNFdRQzdtazFvUjFPTFc1QTloaS0xQk9tSmR2YWpNSFRJa3FNVmYtZUcwTGxqOGNvWHRORnNUeTI1ajZnVm5yZ2hDRGtMb2JEQUlSalQ5MVA4anRYamthUVlLQVNpZDN1Vk9NbWJ1TzZkaktSdkVGdWFrZGcxc3JOTHA2MzFhQjdTanpyM0xtNHNzcnAxN0o0SV85eHQtSWFIUW1MbjliVmlRNnZxQlA2WGdLTzEycG9DbHV4djNa?oc=5,4,oui,l'agence du Crédit Agricole va fermer… mais pas le distributeur de billets
BNP Paribas,Grenoble,38,Auvergne-Rhône-Alpes,fermeture,"Wed, 26 Feb 2025 08:00:00 GMT",,Google News,https://news.google.com/rss/articles/CBMitwFBVV95cUxQTmt1eXh2ZFJiSHV6SjdIby1INWpQVDB3VTg0Mzk3MDVER1ZUME9Rb19lUUlocWN1bEdiTGw2UHVhYjNxNzZFSEd4Rk1qeDVKc1R0bEhsYnlSVXpzblZOZTU2ZW4td2tCcklqV2x6dTZXb2oyVjl6UGUtYkNaWmRFVDF1SWdYR0M0S0JwekZTMFRlMUFqT1M5d01rVkF5dmNJbzFZRHBuSXlxY3ZubW83aHhUNU91SkE?oc=5,4,oui,Grenoble. Fermeture définitive de l’agence BNP Paribas - Lafayette
BNP Paribas,Aire-sur-la-Lys,62,Hauts-de-France,fermeture,"Tue, 18 Feb 2025 08:00:00 GMT",,Google News,https://news.google.com/rss/articles/CBMisgFBVV95cUxPenBDRTVaNE5MWHVXMlhSUWwtZVJxbHZnMnU2Y0RrOHpTM05YOXNBTVY4MHdzd250TUhERFR6cktzSm1oQk94YVdmeGJsZktVNWx5TWhZRlRsbmZ0TUt6WlozUkJxQWJ6TEFWVXpXZzExSmJKbFU2b3kxWnBWVU1kRU5iMVlSOUxsWEVNalVQMEVrSGVzV3ZKRk5MR051cXNpaXdad21rMnBVTGd3N0hBLUZn?oc=5,4,oui,BNP Paribas va fermer son agence à Aire-sur-la-Lys en avril
BNP Paribas,Aulnoy-lez-Valenciennes,59,Hauts-de-France,fermeture,"Thu, 26 Jun 2025 07:00:00 GMT",,Google News,https://news.google.com/rss/articles/CBMizAFBVV95cUxNTkstdzNnbXRCU3RXTWlPU1l5eDFvM3NDV2hNY0tRMWhVejRKRG9CaGFLX0FzdHlxLUVpaDNCdnRrc0RaeVhhTC1LWWgxQ2JMazk0MzV6Zm1PY3FXZFZla2ZKUnFUTUEtTlFMMlZ6YmJmU3JtMDVMM1NWaGxsR0N4a0JfYkNLQnJOek1aY1RXcWhMTkFwOWhIOWFuZm1pMHpuZHdoaWhLVUJqN0xHMjFjcTRKRlhhMUJFV3VhdkluUTVMV2xVMmg1SldaV3M?oc=5,4,oui,"L’agence BNP Paribas d’Aulnoy-lez-Valenciennes va fermer, le conseil municipal adopte une motion"
Caisse d'épargne Loire-Centre,Orléans,45,Centre-Val de Loire,fermeture,"Wed, 15 Jan 2025 08:00:00 GMT",,Google News,https://news.google.com/rss/articles/CBMi4AFBVV95cUxQdFJ1UDQ2bjdWRnkydkhKcl9yTkYyVUh2RFhCTGY2WVkzUFR5UVJsZHotZzhHS1RFQnRKTm9UVmNpdmtlQWxJelpqYUpLcGVNZXhXNFZBV1h1ZWNEdnJ4TzQzdlZydlpSdDJsdmVrcHZMMFhUMWsxcTFaYVN0d09nckR4QjBWZE9qQVpGTlplQ3pSRldNSFloTkRHQklsOTloam1GVy03amZ1d2JhTDlERUU4VmR3YVg3VzU2NGpCeXdUNDloWnRqU052aFBJR2JHOXdxTmlkVXg5eUtVc29DVA?oc=5,3,oui,Une manifestation à Orléans contre la fermeture d'agences de la Caisse d'épargne Loire-Centre
Caisse d'Épargne,Dun-sur-Auron,18,Centre-Val de Loire,fermeture,"Thu, 27 Mar 2025 07:00:00 GMT",,Google News,https://news.google.com/rss/articles/CBMipgFBVV95cUxPeUMtZUNaU1dzOWNFdmFtWjhOZjdaYk5EbEtZY19fdFlPbjJmLWRJby1uU3NyVFF2bXlCSVdWQ1Bjc0xzMFFNcHRETG9fMklhRmlSZGR2NGZ3bzIyeUhpRThpWlBhUnZYU2RjTzExUkktUDllVjdyTEFfMjZSTGY5d0YwTVhyMVZWc2pvaUtPclU3N291VEgwNHU0LU1YdlRxOVZOS1pn?oc=5,4,oui,L'agence Caisse d'épargne ferme définitivement
Caisse d'Épargne,Nogent-sur-Vernisson,45,Centre-Val de Loire,fermeture,"Mon, 20 Jan 2025 08:00:00 GMT",,Google News,https://news.google.com/rss/articles/CBMikwJBVV95cUxOZVpOVXM0XzR4SWQwRjR1NHRqT2FHdlRUZE50M1lLMmxDd0VqckNUWnpITWxuaU15RXg2VmRpMlVXNGFiS3poUWtBTGlDMmtscXp2bWNIMGdDempJTm14ZEVPR040RzMteC1LenpVVWpVM01lNEdRTy1XMDdPVzVUbDNJSHdOYkpSYndmZWZFMkxmQ1VXUEJYZmM2WWtTT1hLUXM4T1RTQXlobmlSWUk0ekVSTTBiOEVtNEF2VU9ka0V6QUdGdE05MURjY19RYW5CZVdoQXkwYkdGRHR2UXpiWWx0czR2NllDTzZ5X1pWMnFkLWMxY0ZVUFRoQnc2TkJiSEwwb2E1YndncnF6OXlrdjg5UQ?oc=5,4,oui,"fermeture de la Caisse d'épargne à Nogent-sur-Vernisson, le maire très en colère"
Crédit Mutuel,Saint-Brieuc,22,Bretagne,fermeture,"Tue, 15 Apr 2025 07:00:00 GMT",,Google News,https://news.google.com/rss/articles/CBMiigJBVV95cUxQNEYzQmRkRzJDOC1pWXJObW1JQmF3emxLNmljTVZkR2F2Y2hfbENSS3JiYzE5ak1HdktQODhvcVMwM2o0MDZtZWg2UzcwYy05Mlp6ckpyTkx4U0Q2Vy1ZQTg2bVNOamNDeTRQSjhPZGpQQW44U1lrWHFrX05KYmxCSDhfT2o1YmNGbHB0TnM3ZGZsYl93eHNFZldkZXh2enBLTlc0T05ES0FhZ2hqWm50S0RXMlFpNVNMcXkwcFpXLWRwWW5qbXprN1o0NDJ4R1VXUkhVWVZmeDJtbmhYZUI2NXZ3bXk5dl9JeTVtMEpsSFZnUldtakV3QTVfX19xSGtqb3ZMenpwVzEyZw?oc=5,4,oui,"Le Crédit mutuel de Bretagne ferme son agence dans le quartier de Cesson, à Saint-Brieuc"
Crédit Mutuel,Herrlisheim-près-Colmar,68,Grand Est,fermeture,"Fri, 25 Apr 2025 07:00:00 GMT",,Google News,https://news.google.com/rss/articles/CBMipAFBVV95cUxPN3ZzOXNHUmEwRHpIRUpiOGZIRUNDWmgzanhjd2tudDJOOTMxUGgwT3ZXb25hWnduTEYwWjdZOGdiTi1UUDRiR2V4eWl3MFhGTjduZ3FkUDBxc0RqMk1MLWV3dmh3bEtsdjNUckhPLUZRNWFfQWpTU0dRVFRSanF4bS1NN09MT2FjcnV3VG1aQ3pPYUJQS093Rmd2RXh1aHdRUm54Tg?oc=5,4,oui,"Fermeture du Crédit Mutuel : le maire prend acte, la banque répond"
Crédit Mutuel,Saint-Joachim,44,Pays de la Loire,fermeture,"Fri, 29 Aug 2025 07:00:00 GMT",,Google News,https://news.google.com/rss/articles/CBMixgFBVV95cUxQRmN2ZTZqZWlGNjZkY1R2cmtkQnJEU2RtQmFDVjRJb1FrY3dnaTRWMU9aTHFYeHdwbTMyQjRJdlFCTXgyaUkyTXhrazhxekw3T1cySjdORms3R3AwN3ZkTmJVSnJzeTBOOTl1UkU4aEdUbXR6Xy1qV0JmSHhoLTFHVHdNRWdDZG1PcHZEQ0ZWSmxJYUk5cklEQ3Y0WVJwVzh1d1NIMjB6WmkwTU5MbmVVSVZaTWI1RjZJdjFrbGNqcWlPR2dZQXc?oc=5,4,oui,Fermeture de l’agence Crédit Mutuel de Saint-Joachim : la ville dénonce un « manque de respect »
Crédit Mutuel,Villersexel,70,Bourgogne-Franche-Comté,fermeture,"Fri, 05 Dec 2025 08:00:00 GMT",,Google News,https://news.google.com/rss/articles/CBMirAFBVV95cUxQazdrWk5aNUVhcExhLXVYMElBQ0N2NmFRZnFXZnJfMWJLYTEwQVg3ZFdyZUVjdmFqVi1jWlBLTUppbGtKRWg1d1hZR0d5bGRFUGRBaXdNeFNpQ2VhcnM2b0xlUjk0TkFEWERKVFQyZV9zMlBGeTdwRjRvcUJLdDJrRlpNUTFzSGJPUzhLZEpvMHczSVl3UURpMFpjVHJ0YnRsVVlLV2V6ejBKdHFw?oc=5,3,oui,Villersexel : Ils se mobilisent contre la fermeture du Crédit Mutuel
Crédit Mutuel,Ingrandes,86,Nouvelle-Aquitaine,fermeture,"Wed, 19 Feb 2025 08:00:00 GMT",,Google News,https://news.google.com/rss/articles/CBMilwFBVV95cUxPSkVlYWd3bTZ0bElyMTJSZmREZFRabl9jejVtY3djRWMzMEJVQ0tUekprWWQ0LUc1elJadE5QVEgwaEFSbzNrS3FfWk4tMV9YZmt0Y3hHQ0tnenJBR2hqcUprR3A3czdvM2tEQ1IxbW9RTXhvRGNxNmVrMGNxOGMxbWhkV2s1cDJ5UUFTeDVGSmRzbjlmU3dR?oc=5,4,oui,Ingrandes. Le Crédit mutuel ferme son agence locale
CIC,Châteaulin,29,Bretagne,fermeture,"Fri, 14 Feb 2025 08:00:00 GMT",,Google News,https://news.google.com/rss/articles/CBMitwFBVV95cUxNXy1Ra2dPanRBUnRiRS1KRHZyS0NzMU1PSUIzZnp5RElrOWpfaFNXNlhDM3phdk5QQ3lMRlBXb1k5cDduSUE4andXRVgtUlJJbFNUTzhpaGVqUmZtQ3JhYkRPRWo1ZmxpRjhmX1gxdXhqZ25GcF8yU1VPZXU2SzcxYzdtWi14c25RX1VkU2JwYk9iLTB2QkVfNy1rcU5CcTE2RzBXdWhobHZEWFQwbWdPVUNEQkFDd1U?oc=5,4,oui,"À Châteaulin, l’agence du CIC va fermer fin février"
Crédit Agricole,Norrent-Fontes,62,Hauts-de-France,fermeture,"Mon, 28 Apr 2025 07:00:00 GMT",,Google News,https://news.google.com/rss/articles/CBMiwAFBVV95cUxPd1pmZFJKYzJaakFIMmtjT1JCV09HOWVVa0NkNHdWQmoxb3doTm9TQW5pVTAzUXNtQ21DRW4wTWtITWhqZkJiSi1MSUd0cUYyOHRrSE9tZW9GWldqRzcxYVVpc3ZlOVBZeWlzVXh4OEJ2Y2lsRFhSMm5yNVpDMC1Pa2tUNXplNTdaN3hnWm1mdU0zZVg0bE85VXByWXlnN3plSTdHMGV5RUUwX0JySGZXSVg3RUZRczVsbVkyai12cWY?oc=5,4,oui,Le Crédit agricole ferme son agence de Norrent-Fontes mais garde son distributeur
Crédit Agricole,Arnèke,59,Hauts-de-France,fermeture,"Mon, 20 Oct 2025 07:00:00 GMT",,Google News,https://news.google.com/rss/articles/CBMivAFBVV95cUxPbkI0MlJEamN2aXhGb1dzTi1sMUNTMTdrQ2p2OUVjZFJlaE4xRzlxVVEzaGpoRS03OVV1RTZPWWpXbERYRWJxVXUtOVM5MW8yT3JpbE1BOWpuM083SGdYemNfbHVDTkN4MEZ6ZTdFdkd3R2J0OU1tZjhNbUlqUVo3dlJvTkt4N2JlWFFEVElKRmNwazFWc3R5OWsxSWZSb25sMUY0M2YxMERkcW1LOVc1U3YwWTBBNzNEdWJsNg?oc=5,4,oui,"Le Crédit agricole d'Arnèke va fermer, « un coup dur pour le village »"
Crédit Agricole,Biache-Saint-Vaast,62,Hauts-de-France,fermeture,"Wed, 28 May 2025 07:00:00 GMT",,Google News,https://news.google.com/rss/articles/CBMizwFBVV95cUxPQnhuVzBPUFlPaVVRNmJnSlZYU0IyMjZSXzAxc3UwRm03WlJtQzAyRThyX0taU3RUZjJrN3BXQXZHU3JGajNZVk9jWGhfel9ZVXdhR05PSjdBbUNsRjVmR04tZ2szLUJXOTlmR01kYUxwbHFmaVBSWWY2OEtkeDZ5YTMyb1lDYm43UXQ5MU5PSDBHRnQ5TTZyYjdpTGVNRXVjS19fZm5heTlTeV9jZ0c2RFVBWGlmbmg4Skk0am9TQ1lyNjN2U25RUjlwSW5VTWs?oc=5,4,oui,"À Biache-Saint-Vaast, le Crédit Agricole ferme, un distributeur de billets maintenu"
Crédit Agricole,Saint-Martin-d'Estréaux,42,Auvergne-Rhône-Alpes,fermeture,"Thu, 24 Jul 2025 07:00:00 GMT",,Google News,https://news.google.com/rss/articles/CBMimwFBVV95cUxNRE8wS21JdXpPNVNkU0lMOFYzci13eVczTGtFSHdsVmx0ZzJzdndyd21CVlNsUHA5dTdYUm1jdW8ybUdxSW4ySUN5dk9PM1NwdlFXeVlOLXYtR2pkc1BDSmJfeVlDbGRkaTBxZUNlUzc3VS1tMVpDM0I1YjJDekV5aC1nVkljVWc3UkxULVNhbVhEMDE4Nzl1bE9Idw?oc=5,4,oui,Le Crédit agricole va fermer : un point vert en projet pour les retraits d'argent
Crédit Agricole,Valmont,57,Grand Est,fermeture,"Tue, 22 Apr 2025 07:00:00 GMT",,Google News,https://news.google.com/rss/articles/CBMi1AFBVV95cUxPX0N6SWs3NjM4QWwyWlhqQ2VZQ1VuMVFuWlVHYXRER0sxMjE5clRZaFowTUxlQWF4N2c1c05BWlgzWVZHb080RmE0RG14MlE1YVZhdnB1QVM1bEdQSEl4SDF2eS1mbHQ5Q2NEYUlncVFlaEtESVhaTnRnNVROZnhDVWZ0SVRiQ0Q5dzRBcktJTWxqZ0lVYk9rUHNWYnhfbmJnU0tEOUpoQzN3TXdULVhaQ255LWhIRDJuX3E4M0VsOE9DeURHT0dyU3BFLVctczZwR2Q0Zw?oc=5,3,oui,Fermeture d’agences Crédit Agricole : vers le maintien d’un distributeur de billets à Valmont
Crédit Agricole,Rouen,76,Normandie,fermeture,"Thu, 23 Jan 2025 08:00:00 GMT",,Google News,https://news.google.com/rss/articles/CBMi2gFBVV95cUxQZmJ5eko3UGxlbE9mLTdxLWwzb2tRd0VSVzZxdG1sTllkWW9pTlNOSTI1ZGtYTXNNM0JGV3hiZkhYWG51RG15ZXJjdnFxbHZrVjRoS3NLLUQ1bUV1LUxlVkotSWVfaHNEdnNrQTh6Vmx3d0NtOXUyZF9EQmZfSjV0ZThfdVNQaWxrT0VvNGJlY2Jnc0gyOUNSVGwwdXh3VTgtamNDWGhVNzJ3VVdjOTdTa21MS0ZnQnRIOXRhempDanZlemk3SW4xRVZSazB6djcxTmtrbWNpMVNpQQ?oc=5,4,oui,"l'agence du Crédit agricole va fermer, la Ville rachète les murs"
Crédit Agricole,Reuilly,36,Centre-Val de Loire,fermeture,"Wed, 08 Oct 2025 07:00:00 GMT",,Google News,https://news.google.com/rss/articles/CBMihwJBVV95cUxPdDR2Y1Y3a0ozQmpfeGR6YWlMMjhlWXhVSk5QZ2xUSHFIMGMtR2JIemIxV3FDREk0MWNxYUVvOW9oYmhtdFo4aWF4NklqQmduU29aZmFFOHBfQWJSZGh4eTlReDRwNHJJSlRlNVhhdFd0OVJ6blpiX3hiekNSXzNJbngtRlZYdk9KaUZzdVNrbHhzR29lMmlLOWRieDBaMUpsUnQ2dGV0NU5PdlVaTVYyWUJsOHFQQVU5THZIejZkYVM5aVkyWkVvQS1nQ2h4a2V3NkVDNDRFa0l0UUpKdGVjcDVYRVpkMUx0Sk83SERrN1BscWg3ZXpESjRER1ZaWFQxekhyUmVCMA?oc=5,4,oui,Reuilly se mobilise contre la fermeture du Crédit agricole : près de 600 signatures récoltées sur la pétition
Crédit Agricole,Mazingarbe,62,Hauts-de-France,fermeture,"Sun, 26 Oct 2025 07:00:00 GMT",,Google News,https://news.google.com/rss/articles/CBMiuAFBVV95cUxNdFp5eExEYUVVVHZRM09lN2hGOUMwR0Fua21SLUtOQ2dxZ1hvV3E3RWRaRE02SVFSLVdtcFQ2RndrQ0lHNkFXTzJQZHhBeEZVWmFTVTBFMkNCWlRoNEcxWnN2a05FVlpsTnhkeS1yOFczVzBlQTZUUFZUU0hTUDRfOVFZVlpxQU45SmhOT0V5Mmd3S1ZLSmx5TXQwcG85RmdQcDZHLTR3N3NwYXBLZFFXblNCSHIwUVRQ?oc=5,4,oui,Le Crédit agricole fermera ses portes prochainement à Mazingarbe
Crédit Mutuel,Ergué-Gabéric,29,Bretagne,fusion,"Sat, 22 Mar 2025 07:00:00 GMT",,Google News,https://news.google.com/rss/articles/CBMi_AFBVV95cUxPRFZsT2IwWFhHZURrZWhCTTBoSzVtckw2bTlwSmVhMEQ0TThORUQwSWMxbUVVWVdoQTk1V3J0b21COFBsTFRwQmd0QlRrNV9GYnZDSmtYd1RyaDVPSnJCTDJnbkFNTVNwdUtzV1czX29ua0RwaUlwTjVyR2c2Y3gwQVZ1eXYxZ0o2T2tPZ19EMjJ0LWtFc09ISUFwUldJNXNvcy1RUUItWU5sZ182dGlaVTl1eHRuMmhBTURnXy1PQnpod0FSZkxNLW5DZkh3eVhiaE5kNVJrMGU4cFZkc1hnczRrS0VqcE84VUg5WHJ6cy11UzNlNXhYNllUU00?oc=5,4,oui,"À Ergué-Gabéric, le Crédit mutuel de Bretagne fusionne deux caisses locales"
Crédit Agricole,Campagne-lès-Hesdin,62,Hauts-de-France,fermeture,"Sun, 06 Apr 2025 07:00:00 GMT",,Google News,https://news.google.com/rss/articles/CBMizgFBVV95cUxPdng1dHE0UTRUTG5KcFlCalo5SWpRQlo3YVhpeWZ0VTBJMjJNN2lkellydDE1VEREc3NuRW9seERKQ0tDSHc1VjJQZHdKMm1IWU5Ub0d0Z2d4Z2Y1VkRva19rNVhvQ3JJVU95NmZFR0V6NldxWURsS2dTeWtKZWJqck1jN3FySDNaRVY5dEhFUHNNQkhtTnRxQ21jSm5FU2pZemlsU1M0R0wtZm81OFBiY01VNE1CQTV0ZnNiQVFJNkEwajZmVmVjTkljNkMwdw?oc=5,4,oui,Campagne-lès-Hesdin : l’agence bancaire du Crédit Agricole fermera ses portes en mai
